Workbook

Sheet Założenia
A1: Energypedia.pl – model finansowy (scenariusz bazowy). Żółte komórki = założenia do edycji. Kwoty netto w zł.
A2: Mnożnik przychodów (ruch, wolumeny) | B2: 1 | D2: Scenariusze: Ostrożny 0,6 / 0,85; Bazowy 1,0 / 1,0; Ambitny 1,4 / 1,15
A3: Mnożnik kosztów zespołu i marketingu | B3: 1
A5: Założenie | B5: 2026-11 | C5: 2026-12 | D5: 2027-01 | E5: 2027-02 | F5: 2027-03 | G5: 2027-04 | H5: 2027-05 | I5: 2027-06 | J5: 2027-07 | K5: 2027-08 | L5: 2027-09 | M5: 2027-10 | N5: 2027-11 | O5: 2027-12 | P5: 2028-01 | Q5: 2028-02 | R5: 2028-03 | S5: 2028-04 | T5: 2028-05 | U5: 2028-06 | V5: 2028-07 | W5: 2028-08 | X5: 2028-09 | Y5: 2028-10 | Z5: 2028-11 | AA5: 2028-12
A6: Wizyty (sesje) / mies. | B6: 0 | C6: 25000 | D6: 90000 | E6: 140000 | F6: 200000 | G6: 260000 | H6: 320000 | I6: 400000 | J6: 441666.67 | K6: 483333.33 | L6: 525000 | M6: 566666.67 | N6: 608333.33 | O6: 650000 | P6: 687500 | Q6: 725000 | R6: 762500 | S6: 800000 | T6: 837500 | U6: 875000 | V6: 912500 | W6: 950000 | X6: 987500 | Y6: 1025000 | Z6: 1062500 | AA6: 1100000
A7: Konwersja wizyt -> kwalifikowany lead MŚP | B7: 0 | C7: 0.0004 | D7: 0.000467 | E7: 0.000533 | F7: 0.0006 | G7: 0.000633 | H7: 0.000667 | I7: 0.0007 | J7: 0.000711 | K7: 0.000722 | L7: 0.000733 | M7: 0.000744 | N7: 0.000756 | O7: 0.000767 | P7: 0.000778 | Q7: 0.000789 | R7: 0.0008 | S7: 0.000811 | T7: 0.000822 | U7: 0.000833 | V7: 0.000844 | W7: 0.000856 | X7: 0.000867 | Y7: 0.000878 | Z7: 0.000889 | AA7: 0.0009
A8: Przychód za sprzedany lead MŚP [zł] | B8: 0 | C8: 160 | D8: 160 | E8: 160 | F8: 160 | G8: 190 | H8: 190 | I8: 190 | J8: 190 | K8: 190 | L8: 190 | M8: 190 | N8: 190 | O8: 190 | P8: 210 | Q8: 210 | R8: 210 | S8: 210 | T8: 210 | U8: 210 | V8: 210 | W8: 210 | X8: 210 | Y8: 210 | Z8: 210 | AA8: 210
A9: Odsetek leadów MŚP sprzedanych | B9: 0 | C9: 0.6 | D9: 0.6 | E9: 0.6 | F9: 0.75 | G9: 0.75 | H9: 0.75 | I9: 0.75 | J9: 0.75 | K9: 0.75 | L9: 0.8 | M9: 0.8 | N9: 0.8 | O9: 0.8 | P9: 0.8 | Q9: 0.8 | R9: 0.8 | S9: 0.8 | T9: 0.8 | U9: 0.8 | V9: 0.8 | W9: 0.8 | X9: 0.8 | Y9: 0.8 | Z9: 0.8 | AA9: 0.8
A10: Kontrakty dużych odbiorców (success fee) / mies. | B10: 0 | C10: 0 | D10: 0 | E10: 0 | F10: 0 | G10: 1 | H10: 1 | I10: 2 | J10: 2 | K10: 2 | L10: 3 | M10: 3 | N10: 3 | O10: 3 | P10: 5 | Q10: 5 | R10: 5 | S10: 5 | T10: 5 | U10: 5 | V10: 5 | W10: 5 | X10: 5 | Y10: 5 | Z10: 5 | AA10: 5
A11: Średnie wynagrodzenie za kontrakt dużego odbiorcy [zł] | B11: 0 | C11: 0 | D11: 0 | E11: 0 | F11: 0 | G11: 9000 | H11: 9000 | I11: 9000 | J11: 9000 | K11: 9000 | L11: 9000 | M11: 9000 | N11: 9000 | O11: 9000 | P11: 9000 | Q11: 9000 | R11: 9000 | S11: 9000 | T11: 9000 | U11: 9000 | V11: 9000 | W11: 9000 | X11: 9000 | Y11: 9000 | Z11: 9000 | AA11: 9000
A12: Konwersja wizyt -> lead gospodarstwa domowego (energia) | B12: 0 | C12: 0 | D12: 0.0025 | E12: 0.0025 | F12: 0.0025 | G12: 0.0025 | H12: 0.0025 | I12: 0.0025 | J12: 0.0025 | K12: 0.0025 | L12: 0.0025 | M12: 0.0025 | N12: 0.0025 | O12: 0.0025 | P12: 0.0025 | Q12: 0.0025 | R12: 0.0025 | S12: 0.0025 | T12: 0.0025 | U12: 0.0025 | V12: 0.0025 | W12: 0.0025 | X12: 0.0025 | Y12: 0.0025 | Z12: 0.0025 | AA12: 0.0025
A13: Przychód za sprzedany lead GD [zł] | B13: 0 | C13: 0 | D13: 30 | E13: 30 | F13: 30 | G13: 30 | H13: 30 | I13: 30 | J13: 30 | K13: 30 | L13: 30 | M13: 30 | N13: 30 | O13: 30 | P13: 30 | Q13: 30 | R13: 30 | S13: 30 | T13: 30 | U13: 30 | V13: 30 | W13: 30 | X13: 30 | Y13: 30 | Z13: 30 | AA13: 30
A14: Odsetek leadów GD sprzedanych | B14: 0 | C14: 0 | D14: 0.6 | E14: 0.6 | F14: 0.6 | G14: 0.6 | H14: 0.6 | I14: 0.6 | J14: 0.6 | K14: 0.6 | L14: 0.6 | M14: 0.6 | N14: 0.6 | O14: 0.6 | P14: 0.6 | Q14: 0.6 | R14: 0.6 | S14: 0.6 | T14: 0.6 | U14: 0.6 | V14: 0.6 | W14: 0.6 | X14: 0.6 | Y14: 0.6 | Z14: 0.6 | AA14: 0.6
A15: Konwersja wizyt -> lead OZE/efektywność (PV, magazyn, pompa, EV) | B15: 0 | C15: 0 | D15: 0 | E15: 0.0012 | F15: 0.0012 | G15: 0.0012 | H15: 0.0012 | I15: 0.0012 | J15: 0.0012 | K15: 0.0012 | L15: 0.0012 | M15: 0.0012 | N15: 0.0012 | O15: 0.0012 | P15: 0.0012 | Q15: 0.0012 | R15: 0.0012 | S15: 0.0012 | T15: 0.0012 | U15: 0.0012 | V15: 0.0012 | W15: 0.0012 | X15: 0.0012 | Y15: 0.0012 | Z15: 0.0012 | AA15: 0.0012
A16: Przychód za sprzedany lead OZE [zł] | B16: 0 | C16: 0 | D16: 0 | E16: 110 | F16: 110 | G16: 110 | H16: 110 | I16: 110 | J16: 110 | K16: 110 | L16: 110 | M16: 110 | N16: 110 | O16: 110 | P16: 110 | Q16: 110 | R16: 110 | S16: 110 | T16: 110 | U16: 110 | V16: 110 | W16: 110 | X16: 110 | Y16: 110 | Z16: 110 | AA16: 110
A17: Odsetek leadów OZE sprzedanych | B17: 0 | C17: 0 | D17: 0 | E17: 0.7 | F17: 0.7 | G17: 0.7 | H17: 0.7 | I17: 0.7 | J17: 0.7 | K17: 0.7 | L17: 0.7 | M17: 0.7 | N17: 0.7 | O17: 0.7 | P17: 0.7 | Q17: 0.7 | R17: 0.7 | S17: 0.7 | T17: 0.7 | U17: 0.7 | V17: 0.7 | W17: 0.7 | X17: 0.7 | Y17: 0.7 | Z17: 0.7 | AA17: 0.7
... A40: Prowizja handlowa od reklamy/sponsoringu | B40: 0.1 | C40: 0.1 | D40: 0.1 | E40: 0.1 | F40: 0.1 | G40: 0.1 | H40: 0.1 | I40: 0.1 | J40: 0.1 | K40: 0.1 | L40: 0.1 | M40: 0.1 | N40: 0.1 | O40: 0.1 | P40: 0.1 | Q40: 0.1 | R40: 0.1 | S40: 0.1 | T40: 0.1 | U40: 0.1 | V40: 0.1 | W40: 0.1 | X40: 0.1 | Y40: 0.1 | Z40: 0.1 | AA40: 0.1

Sheet Model
A1: Rachunek wyników i przepływy (formuły – nie edytować)
B3: 2026-11 | C3: 2026-12 | D3: 2027-01 | E3: 2027-02 | F3: 2027-03 | G3: 2027-04 | H3: 2027-05 | I3: 2027-06 | J3: 2027-07 | K3: 2027-08 | L3: 2027-09 | M3: 2027-10 | N3: 2027-11 | O3: 2027-12 | P3: 2028-01 | Q3: 2028-02 | R3: 2028-03 | S3: 2028-04 | T3: 2028-05 | U3: 2028-06 | V3: 2028-07 | W3: 2028-08 | X3: 2028-09 | Y3: 2028-10 | Z3: 2028-11 | AA3: 2028-12
A4: Wizyty / mies. | B4: =Założenia!B6*Założenia!$B$2 | C4: =Założenia!C6*Założenia!$B$2 | D4: =Założenia!D6*Założenia!$B$2 | E4: =Założenia!E6*Założenia!$B$2 | F4: =Założenia!F6*Założenia!$B$2 | G4: =Założenia!G6*Założenia!$B$2 | H4: =Założenia!H6*Założenia!$B$2 | I4: =Założenia!I6*Założenia!$B$2 | ... AA4: =Założenia!AA6*Założenia!$B$2
A5: Leady MŚP (kwalifikowane) | B5: =B4*Założenia!B7 | C5: =C4*Założenia!C7 | D5: =D4*Założenia!D7 | E5: =E4*Założenia!E7 | F5: =F4*Założenia!F7 | G5: =G4*Założenia!G7 | H5: =H4*Założenia!H7 | I5: =I4*Założenia!I7 | ... AA5: =AA4*Założenia!AA7
A6: Leady gospodarstw domowych | B6: =B4*Założenia!B12 | C6: =C4*Założenia!C12 | D6: =D4*Założenia!D12 | E6: =E4*Założenia!E12 | F6: =F4*Założenia!F12 | G6: =G4*Założenia!G12 | H6: =H4*Założenia!H12 | I6: =I4*Założenia!I12 | ... AA6: =AA4*Założenia!AA12
A7: Leady OZE / efektywność | B7: =B4*Założenia!B15 | C7: =C4*Założenia!C15 | D7: =D4*Założenia!D15 | E7: =E4*Założenia!E15 | F7: =F4*Założenia!F15 | G7: =G4*Założenia!G15 | H7: =H4*Założenia!H15 | I7: =I4*Założenia!I15 | ... AA7: =AA4*Założenia!AA15
A8: PRZYCHODY
A9: Leady MŚP | B9: =B5*Założenia!B9*Założenia!B8 | C9: =C5*Założenia!C9*Założenia!C8 | D9: =D5*Założenia!D9*Założenia!D8 | E9: =E5*Założenia!E9*Założenia!E8 | F9: =F5*Założenia!F9*Założenia!F8 | G9: =G5*Założenia!G9*Założenia!G8 | H9: =H5*Założenia!H9*Założenia!H8 | I9: =I5*Założenia!I9*Założenia!I8 | ... AA9: =AA5*Założenia!AA9*Założenia!AA8
A10: Success fee – duzi odbiorcy | B10: =Założenia!B10*Założenia!B11*Założenia!$B$2 | C10: =Założenia!C10*Założenia!C11*Założenia!$B$2 | D10: =Założenia!D10*Założenia!D11*Założenia!$B$2 | E10: =Założenia!E10*Założenia!E11*Założenia!$B$2 | F10: =Założenia!F10*Założenia!F11*Założenia!$B$2 | G10: =Założenia!G10*Założenia!G11*Założenia!$B$2 | H10: =Założenia!H10*Założenia!H11*Założenia!$B$2 | I10: =Założenia!I10*Założenia!I11*Założenia!$B$2 | ... AA10: =Założenia!AA10*Założenia!AA11*Założenia!$B$2
A11: Leady GD | B11: =B6*Założenia!B14*Założenia!B13 | C11: =C6*Założenia!C14*Założenia!C13 | D11: =D6*Założenia!D14*Założenia!D13 | E11: =E6*Założenia!E14*Założenia!E13 | F11: =F6*Założenia!F14*Założenia!F13 | G11: =G6*Założenia!G14*Założenia!G13 | H11: =H6*Założenia!H14*Założenia!H13 | I11: =I6*Założenia!I14*Założenia!I13 | ... AA11: =AA6*Założenia!AA14*Założenia!AA13
A12: Leady OZE | B12: =B7*Założenia!B17*Założenia!B16 | C12: =C7*Założenia!C17*Założenia!C16 | D12: =D7*Założenia!D17*Założenia!D16 | E12: =E7*Założenia!E17*Założenia!E16 | F12: =F7*Założenia!F17*Założenia!F16 | G12: =G7*Założenia!G17*Założenia!G16 | H12: =H7*Założenia!H17*Założenia!H16 | I12: =I7*Założenia!I17*Założenia!I16 | ... AA12: =AA7*Założenia!AA17*Założenia!AA16
A13: Reklama programmatic | B13: =B4/1000*Założenia!B18 | C13: =C4/1000*Założenia!C18 | D13: =D4/1000*Założenia!D18 | E13: =E4/1000*Założenia!E18 | F13: =F4/1000*Założenia!F18 | G13: =G4/1000*Założenia!G18 | H13: =H4/1000*Założenia!H18 | I13: =I4/1000*Założenia!I18 | ... AA13: =AA4/1000*Założenia!AA18
A14: Artykuły sponsorowane/native | B14: =Założenia!B19*Założenia!B20*Założenia!$B$2 | C14: =Założenia!C19*Założenia!C20*Założenia!$B$2 | D14: =Założenia!D19*Założenia!D20*Założenia!$B$2 | E14: =Założenia!E19*Założenia!E20*Założenia!$B$2 | F14: =Założenia!F19*Założenia!F20*Założenia!$B$2 | G14: =Założenia!G19*Założenia!G20*Założenia!$B$2 | H14: =Założenia!H19*Założenia!H20*Założenia!$B$2 | I14: =Założenia!I19*Założenia!I20*Założenia!$B$2 | ... AA14: =Założenia!AA19*Założenia!AA20*Założenia!$B$2
A15: Sponsoring sekcji/akademii | B15: =Założenia!B21*Założenia!B22*Założenia!$B$2 | C15: =Założenia!C21*Założenia!C22*Założenia!$B$2 | D15: =Założenia!D21*Założenia!D22*Założenia!$B$2 | E15: =Założenia!E21*Założenia!E22*Założenia!$B$2 | F15: =Założenia!F21*Założenia!F22*Założenia!$B$2 | G15: =Założenia!G21*Założenia!G22*Założenia!$B$2 | H15: =Założenia!H21*Założenia!H22*Założenia!$B$2 | I15: =Założenia!I21*Założenia!I22*Założenia!$B$2 | ... AA15: =Założenia!AA21*Założenia!AA22*Założenia!$B$2
A16: Sponsoring newslettera | B16: =Założenia!B23*Założenia!$B$2 | C16: =Założenia!C23*Założenia!$B$2 | D16: =Założenia!D23*Założenia!$B$2 | E16: =Założenia!E23*Założenia!$B$2 | F16: =Założenia!F23*Założenia!$B$2 | G16: =Założenia!G23*Założenia!$B$2 | H16: =Założenia!H23*Założenia!$B$2 | I16: =Założenia!I23*Założenia!$B$2 | ... AA16: =Założenia!AA23*Założenia!$B$2
A17: Abonament PRO | B17: =Założenia!B24*Założenia!B25*Założenia!$B$2 | C17: =Założenia!C24*Założenia!C25*Założenia!$B$2 | D17: =Założenia!D24*Założenia!D25*Założenia!$B$2 | E17: =Założenia!E24*Założenia!E25*Założenia!$B$2 | F17: =Założenia!F24*Założenia!F25*Założenia!$B$2 | G17: =Założenia!G24*Założenia!G25*Założenia!$B$2 | H17: =Założenia!H24*Założenia!H25*Założenia!$B$2 | I17: =Założenia!I24*Założenia!I25*Założenia!$B$2 | ... AA17: =Założenia!AA24*Założenia!AA25*Założenia!$B$2
A18: Dane, raporty, API | B18: =Założenia!B26*Założenia!$B$2 | C18: =Założenia!C26*Założenia!$B$2 | D18: =Założenia!D26*Założenia!$B$2 | E18: =Założenia!E26*Założenia!$B$2 | F18: =Założenia!F26*Założenia!$B$2 | G18: =Założenia!G26*Założenia!$B$2 | H18: =Założenia!H26*Założenia!$B$2 | I18: =Założenia!I26*Założenia!$B$2 | ... AA18: =Założenia!AA26*Założenia!$B$2
A19: Wydarzenia regionalne | B19: =Założenia!B27*Założenia!B28*Założenia!$B$2 | C19: =Założenia!C27*Założenia!C28*Założenia!$B$2 | D19: =Założenia!D27*Założenia!D28*Założenia!$B$2 | E19: =Założenia!E27*Założenia!E28*Założenia!$B$2 | F19: =Założenia!F27*Założenia!F28*Założenia!$B$2 | G19: =Założenia!G27*Założenia!G28*Założenia!$B$2 | H19: =Założenia!H27*Założenia!H28*Założenia!$B$2 | I19: =Założenia!I27*Założenia!I28*Założenia!$B$2 | ... AA19: =Założenia!AA27*Założenia!AA28*Założenia!$B$2
A20: PRZYCHODY RAZEM | B20: =SUM(B9:B19) | C20: =SUM(C9:C19) | D20: =SUM(D9:D19) | E20: =SUM(E9:E19) | F20: =SUM(F9:F19) | G20: =SUM(G9:G19) | H20: =SUM(H9:H19) | I20: =SUM(I9:I19) | ... AA20: =SUM(AA9:AA19)
A21: KOSZTY
A22: Koszty zmienne (weryfikacja leadów, prowizje) | B22: =B5*Założenia!B38+(B6+B7)*Założenia!B39+(B14+B15+B16+B19)*Założenia!B40 | C22: =C5*Założenia!C38+(C6+C7)*Założenia!C39+(C14+C15+C16+C19)*Założenia!C40 | D22: =D5*Założenia!D38+(D6+D7)*Założenia!D39+(D14+D15+D16+D19)*Założenia!D40 | E22: =E5*Założenia!E38+(E6+E7)*Założenia!E39+(E14+E15+E16+E19)*Założenia!E40 | F22: =F5*Założenia!F38+(F6+F7)*Założenia!F39+(F14+F15+F16+F19)*Założenia!F40 | G22: =G5*Założenia!G38+(G6+G7)*Założenia!G39+(G14+G15+G16+G19)*Założenia!G40 | H22: =H5*Założenia!H38+(H6+H7)*Założenia!H39+(H14+H15+H16+H19)*Założenia!H40 | I22: =I5*Założenia!I38+(I6+I7)*Założenia!I39+(I14+I15+I16+I19)*Założenia!I40 | ... AA22: =AA5*Założenia!AA38+(AA6+AA7)*Założenia!AA39+(AA14+AA15+AA16+AA19)*Założenia!AA40
A23: Koszty stałe (zespół, marketing, tech, dane, badania, prawo, biuro) | B23: =(Założenia!B29+Założenia!B31)*Założenia!$B$3+Założenia!B30+Założenia!B32+Założenia!B33+Założenia!B34+Założenia!B35+Założenia!B36 | C23: =(Założenia!C29+Założenia!C31)*Założenia!$B$3+Założenia!C30+Założenia!C32+Założenia!C33+Założenia!C34+Założenia!C35+Założenia!C36 | D23: =(Założenia!D29+Założenia!D31)*Założenia!$B$3+Założenia!D30+Założenia!D32+Założenia!D33+Założenia!D34+Założenia!D35+Założenia!D36 | E23: =(Założenia!E29+Założenia!E31)*Założenia!$B$3+Założenia!E30+Założenia!E32+Założenia!E33+Założenia!E34+Założenia!E35+Założenia!E36 | F23: =(Założenia!F29+Założenia!F31)*Założenia!$B$3+Założenia!F30+Założenia!F32+Założenia!F33+Założenia!F34+Założenia!F35+Założenia!F36 | G23: =(Założenia!G29+Założenia!G31)*Założenia!$B$3+Założenia!G30+Założenia!G32+Założenia!G33+Założenia!G34+Założenia!G35+Założenia!G36 | H23: =(Założenia!H29+Założenia!H31)*Założenia!$B$3+Założenia!H30+Założenia!H32+Założenia!H33+Założenia!H34+Założenia!H35+Założenia!H36 | I23: =(Założenia!I29+Założenia!I31)*Założenia!$B$3+Założenia!I30+Założenia!I32+Założenia!I33+Założenia!I34+Założenia!I35+Założenia!I36 | ... AA23: =(Założenia!AA29+Założenia!AA31)*Założenia!$B$3+Założenia!AA30+Założenia!AA32+Założenia!AA33+Założenia!AA34+Założenia!AA35+Założenia!AA36
A24: Nakłady jednorazowe | B24: =Założenia!B37 | C24: =Założenia!C37 | D24: =Założenia!D37 | E24: =Założenia!E37 | F24: =Założenia!F37 | G24: =Założenia!G37 | H24: =Założenia!H37 | I24: =Założenia!I37 | ... AA24: =Założenia!AA37
A25: KOSZTY RAZEM | B25: =B22+B23+B24 | C25: =C22+C23+C24 | D25: =D22+D23+D24 | E25: =E22+E23+E24 | F25: =F22+F23+F24 | G25: =G22+G23+G24 | H25: =H22+H23+H24 | I25: =I22+I23+I24 | ... AA25: =AA22+AA23+AA24
A26: WYNIK GOTÓWKOWY (przed podatkiem) | B26: =B20-B25 | C26: =C20-C25 | D26: =D20-D25 | E26: =E20-E25 | F26: =F20-F25 | G26: =G20-G25 | H26: =H20-H25 | I26: =I20-I25 | ... AA26: =AA20-AA25
A27: WYNIK SKUMULOWANY (zapotrzebowanie na kapitał) | B27: =B26 | C27: =B27+C26 | D27: =C27+D26 | E27: =D27+E26 | F27: =E27+F26 | G27: =F27+G26 | H27: =G27+H26 | I27: =H27+I26 | J27: =I27+J26 | ... AA27: =Z27+AA26
A29: Podsumowanie | B29: XI 2026 – VI 2027 | C29: Rok 2027 | D29: Rok 2028
A30: Przychody | B30: =SUM(B20:I20) | C30: =SUM(D20:O20) | D30: =SUM(P20:AA20)
A31: Koszty | B31: =SUM(B25:I25) | C31: =SUM(D25:O25) | D31: =SUM(P25:AA25)
A32: Wynik | B32: =SUM(B26:I26) | C32: =SUM(D26:O26) | D32: =SUM(P26:AA26)
A33: Maksymalne zapotrzebowanie na kapitał | B33: =-MIN(B27:AA27)

Sheet Scenariusze
A1: Wartości policzone skryptem dla trzech scenariuszy (statyczne)
A3: Scenariusz | B3: Przychody XI26–VI27 | C3: Koszty XI26–VI27 | D3: Przychody 2027 | E3: Wynik 2027 | F3: Przychody 2028 | G3: Wynik 2028 | H3: Maks. zapotrzebowanie na kapitał | I3: Przychody VI 2027 (mies.) | J3: Przychody XII 2028 (mies.)
A4: Ostrożny | B4: 453312 | C4: 1167097 | D4: 1773724 | E4: -301194 | F4: 5281557 | G4: 2811694 | H4: 713786 | I4: 167292 | J4: 513246
A5: Bazowy | B5: 755519 | C5: 1357662 | D5: 2956207 | E5: 498011 | F5: 8802595 | G5: 5758157 | H5: 649362 | I5: 278820 | J5: 855410
A6: Ambitny | B6: 1057727 | C6: 1548226 | D6: 4138689 | E6: 1297215 | F6: 12323633 | G6: 8704620 | H6: 647201 | I6: 390348 | J6: 1197574
